<?xml version="1.0" encoding="UTF-8"?>
<root>
  <item name="com.yiche.ycbaselib.thrid.tencent.video.record.RecordActivity void start(android.content.Context, int, int, int, int, boolean) 3">
    <annotation name="android.support.annotation.IntDef">
      <val name="value" val="{com.tencent.ugc.TXRecordCommon.VIDEO_ASPECT_RATIO_1_1, com.tencent.ugc.TXRecordCommon.VIDEO_ASPECT_RATIO_3_4, com.tencent.ugc.TXRecordCommon.VIDEO_ASPECT_RATIO_9_16}" />
    </annotation>
  </item>
  <item name="com.yiche.ycbaselib.thrid.tencent.video.record.RecordActivity void start(android.content.Context, int, int, int, int, boolean) 4">
    <annotation name="android.support.annotation.IntDef">
      <val name="value" val="{com.tencent.ugc.TXRecordCommon.VIDEO_QUALITY_LOW, com.tencent.ugc.TXRecordCommon.VIDEO_QUALITY_MEDIUM, com.tencent.ugc.TXRecordCommon.VIDEO_QUALITY_HIGH}" />
    </annotation>
  </item>
</root>

