<?xml version="1.0" encoding="UTF-8"?>
<root>
  <item name="com.sudi.router.AbsRouter com.sudi.router.IRouter anim(int, int) 0">
    <annotation name="android.support.annotation.AnimRes" />
  </item>
  <item name="com.sudi.router.AbsRouter com.sudi.router.IRouter anim(int, int) 1">
    <annotation name="android.support.annotation.AnimRes" />
  </item>
  <item name="com.sudi.router.IRouter com.sudi.router.IRouter anim(int, int) 0">
    <annotation name="android.support.annotation.AnimRes" />
  </item>
  <item name="com.sudi.router.IRouter com.sudi.router.IRouter anim(int, int) 1">
    <annotation name="android.support.annotation.AnimRes" />
  </item>
</root>

